"Voltage","High","Soil_Type","Mine_Type"
0.31700875,0.090909091,0.8,1
0.338156758,0,0,1